Entity,Code,Year,Share of waste landfilled from total regional waste
Americas (excl. USA),,2000,61.355328
Americas (excl. USA),,2001,61.167557
Americas (excl. USA),,2002,60.964405
Americas (excl. USA),,2003,60.7847
Americas (excl. USA),,2004,60.603745
Americas (excl. USA),,2005,60.456074
Americas (excl. USA),,2006,60.298763
Americas (excl. USA),,2007,60.153793
Americas (excl. USA),,2008,60.091694
Americas (excl. USA),,2009,59.998123
Americas (excl. USA),,2010,59.91195
Americas (excl. USA),,2011,59.863525
Americas (excl. USA),,2012,59.823048
Americas (excl. USA),,2013,59.80876
Americas (excl. USA),,2014,59.78581
Americas (excl. USA),,2015,59.805756
Americas (excl. USA),,2016,59.943398
Americas (excl. USA),,2017,60.065014
Americas (excl. USA),,2018,60.19925
Americas (excl. USA),,2019,60.10561
Asia (excl. China and India),,2000,48.82608
Asia (excl. China and India),,2001,48.051964
Asia (excl. China and India),,2002,47.304955
Asia (excl. China and India),,2003,46.59634
Asia (excl. China and India),,2004,45.916195
Asia (excl. China and India),,2005,45.280056
Asia (excl. China and India),,2006,44.6672
Asia (excl. China and India),,2007,44.084095
Asia (excl. China and India),,2008,43.564274
Asia (excl. China and India),,2009,43.054558
Asia (excl. China and India),,2010,42.536484
Asia (excl. China and India),,2011,42.03982
Asia (excl. China and India),,2012,41.591534
Asia (excl. China and India),,2013,41.14312
Asia (excl. China and India),,2014,40.732525
Asia (excl. China and India),,2015,40.330025
Asia (excl. China and India),,2016,39.994568
Asia (excl. China and India),,2017,39.662506
Asia (excl. China and India),,2018,39.17216
Asia (excl. China and India),,2019,39.38922
China,CHN,2000,25.594213
China,CHN,2001,26.125332
China,CHN,2002,26.660315
China,CHN,2003,27.199492
China,CHN,2004,27.742598
China,CHN,2005,28.291878
China,CHN,2006,28.845242
China,CHN,2007,29.40313
China,CHN,2008,29.970661
China,CHN,2009,30.541138
China,CHN,2010,31.111118
China,CHN,2011,31.687883
China,CHN,2012,32.27022
China,CHN,2013,32.857323
China,CHN,2014,33.468746
China,CHN,2015,34.049118
China,CHN,2016,34.65433
China,CHN,2017,35.280148
China,CHN,2018,35.887497
China,CHN,2019,36.384026
Europe,,2000,68.048134
Europe,,2001,66.773056
Europe,,2002,65.48679
Europe,,2003,64.19448
Europe,,2004,62.892788
Europe,,2005,61.592346
Europe,,2006,60.284615
Europe,,2007,58.972286
Europe,,2008,57.66781
Europe,,2009,56.353157
Europe,,2010,55.019997
Europe,,2011,53.676857
Europe,,2012,52.350063
Europe,,2013,51.025467
Europe,,2014,49.69049
Europe,,2015,48.326675
Europe,,2016,46.983017
Europe,,2017,45.640327
Europe,,2018,44.25621
Europe,,2019,44.200645
India,IND,2000,25.098991
India,IND,2001,25.648987
India,IND,2002,26.202646
India,IND,2003,26.760122
India,IND,2004,27.321568
India,IND,2005,27.888737
India,IND,2006,28.459888
India,IND,2007,29.035204
India,IND,2008,29.619452
India,IND,2009,30.206303
India,IND,2010,30.789371
India,IND,2011,31.378803
India,IND,2012,31.975197
India,IND,2013,32.58064
India,IND,2014,33.191742
India,IND,2015,33.79184
India,IND,2016,34.40855
India,IND,2017,35.036797
India,IND,2018,35.679527
India,IND,2019,36.29173
Middle East & North Africa,,2000,50.668125
Middle East & North Africa,,2001,50.852
Middle East & North Africa,,2002,51.035587
Middle East & North Africa,,2003,51.21977
Middle East & North Africa,,2004,51.404636
Middle East & North Africa,,2005,51.59214
Middle East & North Africa,,2006,51.780476
Middle East & North Africa,,2007,51.969536
Middle East & North Africa,,2008,52.162098
Middle East & North Africa,,2009,52.3542
Middle East & North Africa,,2010,52.544052
Middle East & North Africa,,2011,52.73554
Middle East & North Africa,,2012,52.9313
Middle East & North Africa,,2013,53.12904
Middle East & North Africa,,2014,53.32585
Middle East & North Africa,,2015,53.515106
Middle East & North Africa,,2016,53.706734
Middle East & North Africa,,2017,53.90462
Middle East & North Africa,,2018,54.100113
Middle East & North Africa,,2019,54.14757
Oceania,,2000,75.05197
Oceania,,2001,75.031746
Oceania,,2002,75.003716
Oceania,,2003,74.97963
Oceania,,2004,74.95399
Oceania,,2005,74.939285
Oceania,,2006,74.92044
Oceania,,2007,74.90288
Oceania,,2008,74.913315
Oceania,,2009,74.90961
Oceania,,2010,74.88691
Oceania,,2011,74.87427
Oceania,,2012,74.86841
Oceania,,2013,74.8613
Oceania,,2014,74.85518
Oceania,,2015,74.8245
Oceania,,2016,74.81101
Oceania,,2017,74.805275
Oceania,,2018,74.789566
Oceania,,2019,74.86611
Sub-Saharan Africa,,2000,27.664953
Sub-Saharan Africa,,2001,27.804375
Sub-Saharan Africa,,2002,27.945591
Sub-Saharan Africa,,2003,28.086332
Sub-Saharan Africa,,2004,28.228214
Sub-Saharan Africa,,2005,28.370058
Sub-Saharan Africa,,2006,28.513756
Sub-Saharan Africa,,2007,28.657686
Sub-Saharan Africa,,2008,28.797552
Sub-Saharan Africa,,2009,28.94027
Sub-Saharan Africa,,2010,29.085144
Sub-Saharan Africa,,2011,29.228577
Sub-Saharan Africa,,2012,29.374424
Sub-Saharan Africa,,2013,29.522797
Sub-Saharan Africa,,2014,29.669046
Sub-Saharan Africa,,2015,29.81374
Sub-Saharan Africa,,2016,29.956776
Sub-Saharan Africa,,2017,30.10204
Sub-Saharan Africa,,2018,30.249432
Sub-Saharan Africa,,2019,30.167952
United States,USA,2000,74.41184
United States,USA,2001,74.322945
United States,USA,2002,74.2296
United States,USA,2003,74.13729
United States,USA,2004,74.04251
United States,USA,2005,73.95384
United States,USA,2006,73.86286
United States,USA,2007,73.772354
United States,USA,2008,73.696
United States,USA,2009,73.61326
United States,USA,2010,73.51878
United States,USA,2011,73.4258
United States,USA,2012,73.339096
United States,USA,2013,73.25691
United States,USA,2014,73.17524
United States,USA,2015,73.07819
United States,USA,2016,72.98541
United States,USA,2017,72.89149
United States,USA,2018,72.79523
United States,USA,2019,72.880005
World,OWID_WRL,2000,59.4045
World,OWID_WRL,2001,58.6394
World,OWID_WRL,2002,57.870537
World,OWID_WRL,2003,57.134747
World,OWID_WRL,2004,56.408455
World,OWID_WRL,2005,55.72776
World,OWID_WRL,2006,55.050026
World,OWID_WRL,2007,54.396534
World,OWID_WRL,2008,53.834515
World,OWID_WRL,2009,53.255886
World,OWID_WRL,2010,52.645576
World,OWID_WRL,2011,52.06659
World,OWID_WRL,2012,51.550865
World,OWID_WRL,2013,51.072365
World,OWID_WRL,2014,50.555504
World,OWID_WRL,2015,50.12707
World,OWID_WRL,2016,49.837975
World,OWID_WRL,2017,49.474804
World,OWID_WRL,2018,49.18138
World,OWID_WRL,2019,49.205143