Entity,Code,Year,Share of waste incinerated from total regional waste
Americas (excl. USA),,2000,1.2200574
Americas (excl. USA),,2001,1.2086724
Americas (excl. USA),,2002,1.1975662
Americas (excl. USA),,2003,1.186352
Americas (excl. USA),,2004,1.1752826
Americas (excl. USA),,2005,1.1643187
Americas (excl. USA),,2006,1.1536299
Americas (excl. USA),,2007,1.1429298
Americas (excl. USA),,2008,1.1313322
Americas (excl. USA),,2009,1.1201167
Americas (excl. USA),,2010,1.1110171
Americas (excl. USA),,2011,1.1020877
Americas (excl. USA),,2012,1.0941856
Americas (excl. USA),,2013,1.0871824
Americas (excl. USA),,2014,1.0832841
Americas (excl. USA),,2015,1.0632468
Americas (excl. USA),,2016,1.0594409
Americas (excl. USA),,2017,1.0606065
Americas (excl. USA),,2018,1.0537329
Americas (excl. USA),,2019,1.1592599
Asia (excl. China and India),,2000,10.439383
Asia (excl. China and India),,2001,10.978967
Asia (excl. China and India),,2002,11.516974
Asia (excl. China and India),,2003,12.036433
Asia (excl. China and India),,2004,12.546595
Asia (excl. China and India),,2005,13.035166
Asia (excl. China and India),,2006,13.520215
Asia (excl. China and India),,2007,13.991865
Asia (excl. China and India),,2008,14.406246
Asia (excl. China and India),,2009,14.830825
Asia (excl. China and India),,2010,15.259308
Asia (excl. China and India),,2011,15.73903
Asia (excl. China and India),,2012,16.145636
Asia (excl. China and India),,2013,16.596796
Asia (excl. China and India),,2014,16.968782
Asia (excl. China and India),,2015,17.335096
Asia (excl. China and India),,2016,17.633564
Asia (excl. China and India),,2017,17.935818
Asia (excl. China and India),,2018,18.53463
Asia (excl. China and India),,2019,18.513683
China,CHN,2000,8.821573
China,CHN,2001,9.609698
China,CHN,2002,10.40487
China,CHN,2003,11.204407
China,CHN,2004,12.010195
China,CHN,2005,12.820913
China,CHN,2006,13.638992
China,CHN,2007,14.462739
China,CHN,2008,15.287558
China,CHN,2009,16.121347
China,CHN,2010,16.963223
China,CHN,2011,17.809065
China,CHN,2012,18.663284
China,CHN,2013,19.526173
China,CHN,2014,20.402584
China,CHN,2015,21.266891
China,CHN,2016,22.14718
China,CHN,2017,23.042185
China,CHN,2018,23.932241
China,CHN,2019,23.762764
Europe,,2000,14.542094
Europe,,2001,15.765712
Europe,,2002,17.00034
Europe,,2003,18.240551
Europe,,2004,19.489176
Europe,,2005,20.743938
Europe,,2006,22.009491
Europe,,2007,23.282541
Europe,,2008,24.552296
Europe,,2009,25.83552
Europe,,2010,27.131308
Europe,,2011,28.428936
Europe,,2012,29.726812
Europe,,2013,31.043758
Europe,,2014,32.365795
Europe,,2015,33.69418
Europe,,2016,35.048588
Europe,,2017,36.413742
Europe,,2018,37.823994
Europe,,2019,37.74739
India,IND,2000,1.6886452
India,IND,2001,1.8104163
India,IND,2002,1.9341495
India,IND,2003,2.058212
India,IND,2004,2.183653
India,IND,2005,2.3092675
India,IND,2006,2.4366627
India,IND,2007,2.5648549
India,IND,2008,2.6906817
India,IND,2009,2.819237
India,IND,2010,2.9519954
India,IND,2011,3.084561
India,IND,2012,3.2184
India,IND,2013,3.3541615
India,IND,2014,3.4897249
India,IND,2015,3.6219816
India,IND,2016,3.757444
India,IND,2017,3.8932753
India,IND,2018,4.031769
India,IND,2019,4.1608157
Middle East & North Africa,,2000,0.4083155
Middle East & North Africa,,2001,0.40893826
Middle East & North Africa,,2002,0.41152158
Middle East & North Africa,,2003,0.4132549
Middle East & North Africa,,2004,0.4158622
Middle East & North Africa,,2005,0.41720885
Middle East & North Africa,,2006,0.42017192
Middle East & North Africa,,2007,0.42305285
Middle East & North Africa,,2008,0.42023295
Middle East & North Africa,,2009,0.4205537
Middle East & North Africa,,2010,0.4244984
Middle East & North Africa,,2011,0.426279
Middle East & North Africa,,2012,0.42845225
Middle East & North Africa,,2013,0.43187827
Middle East & North Africa,,2014,0.43362236
Middle East & North Africa,,2015,0.43537682
Middle East & North Africa,,2016,0.44025955
Middle East & North Africa,,2017,0.44278595
Middle East & North Africa,,2018,0.44417846
Middle East & North Africa,,2019,0.6075314
Oceania,,2000,9.345559
Oceania,,2001,9.463215
Oceania,,2002,9.582663
Oceania,,2003,9.702051
Oceania,,2004,9.822365
Oceania,,2005,9.942407
Oceania,,2006,10.063928
Oceania,,2007,10.185877
Oceania,,2008,10.305142
Oceania,,2009,10.426499
Oceania,,2010,10.54966
Oceania,,2011,10.6718645
Oceania,,2012,10.794297
Oceania,,2013,10.917622
Oceania,,2014,11.04042
Oceania,,2015,11.162097
Oceania,,2016,11.284588
Oceania,,2017,11.407856
Oceania,,2018,11.530375
Oceania,,2019,11.508256
Sub-Saharan Africa,,2000,0
Sub-Saharan Africa,,2001,0
Sub-Saharan Africa,,2002,0
Sub-Saharan Africa,,2003,0
Sub-Saharan Africa,,2004,0
Sub-Saharan Africa,,2005,0
Sub-Saharan Africa,,2006,0
Sub-Saharan Africa,,2007,0
Sub-Saharan Africa,,2008,0
Sub-Saharan Africa,,2009,0
Sub-Saharan Africa,,2010,0
Sub-Saharan Africa,,2011,0
Sub-Saharan Africa,,2012,0
Sub-Saharan Africa,,2013,0
Sub-Saharan Africa,,2014,0
Sub-Saharan Africa,,2015,0
Sub-Saharan Africa,,2016,0
Sub-Saharan Africa,,2017,0
Sub-Saharan Africa,,2018,0
Sub-Saharan Africa,,2019,0.5053036
United States,USA,2000,15.26663
United States,USA,2001,15.470107
United States,USA,2002,15.676425
United States,USA,2003,15.881963
United States,USA,2004,16.088884
United States,USA,2005,16.295376
United States,USA,2006,16.504599
United States,USA,2007,16.714312
United States,USA,2008,16.917627
United States,USA,2009,17.125454
United States,USA,2010,17.337303
United States,USA,2011,17.546066
United States,USA,2012,17.757292
United States,USA,2013,17.972448
United States,USA,2014,18.185287
United States,USA,2015,18.395073
United States,USA,2016,18.607126
United States,USA,2017,18.82063
United States,USA,2018,19.0355
United States,USA,2019,19.078592
World,OWID_WRL,2000,10.872603
World,OWID_WRL,2001,11.335858
World,OWID_WRL,2002,11.796122
World,OWID_WRL,2003,12.255621
World,OWID_WRL,2004,12.712106
World,OWID_WRL,2005,13.169611
World,OWID_WRL,2006,13.623553
World,OWID_WRL,2007,14.075386
World,OWID_WRL,2008,14.530793
World,OWID_WRL,2009,14.980321
World,OWID_WRL,2010,15.421236
World,OWID_WRL,2011,15.873149
World,OWID_WRL,2012,16.3224
World,OWID_WRL,2013,16.779276
World,OWID_WRL,2014,17.219267
World,OWID_WRL,2015,17.625141
World,OWID_WRL,2016,18.084925
World,OWID_WRL,2017,18.57843
World,OWID_WRL,2018,19.083899
World,OWID_WRL,2019,19.048033